{"Zambia": [-14.5189121, 27.5589884, "Zambia"], "United States of America": [39.7837304, -100.445882, "United States of America"], "Uganda": [1.5333554, 32.2166578, "Uganda"], "Morocco": [31.1728205, -7.3362482, "Morocco"], "Suriname": [4.1413025, -56.0771187, "Suriname"], "Barbados": [13.1500331, -59.5250305, "Barbados"], "Philippines": [12.7503486, 122.7312101, "Philippines"], "France": [46.603354, 1.8883335, "France"], "Spain": [39.3260685, -4.8379791, "Spain"], "People's Republic of China": [35.000074, 104.999927, "People's Republic of China"], "United Kingdom": [54.7023545, -3.2765753, "United Kingdom"], "Kenya": [1.4419683, 38.4313975, "Kenya"], "Guinea-Bissau": [11.815215, -15.2351044, "Guinea-Bissau"], "Egypt": [26.2540493, 29.2675469, "Egypt"], "Senegal": [14.4750607, -14.4529612, "Senegal"], "The Gambia": [13.470062, -15.4900464, "The Gambia"], "Democratic Republic of the Congo": [-2.9814344, 23.8222636, "Democratic Republic of the Congo"], "Republic of the Congo": [-0.7264327, 15.6419155, "Republic of the Congo"], "India": [22.3511148, 78.6677428, "India"], "Tanzania": [-6.5247123, 35.7878438, "Tanzania"], "Portugal": [39.6621648, -8.1353519, "Portugal"], "Poland": [52.215933, 19.134422, "Poland"], "Australia": [-24.7761086, 134.755, "Australia"], "Bangladesh": [24.4769288, 90.2934413, "Bangladesh"], "Chad": [15.6134137, 19.0156172, "Chad"], "Armenia": [40.7696272, 44.6736646, "Armenia"], "Turkey": [38.9597594, 34.9249653, "Turkey"], "Serbia": [44.1534121, 20.55144, "Serbia"], "Laos": [20.0171109, 103.378253, "Laos"], "Moldova": [47.2879608, 28.5670941, "Moldova"], "South Korea": [36.638392, 127.6961188, "South Korea"], "Namibia": [-23.2335499, 17.3231107, "Namibia"], "Niger": [17.7356214, 9.3238432, "Niger"], "Nigeria": [9.6000359, 7.9999721, "Nigeria"], "Ghana": [8.0300284, -1.0800271, "Ghana"], "Ivory Coast": [7.9897371, -5.5679458, "Ivory Coast"], "Cambodia": [12.5433216, 104.8144914, "Cambodia"], "Honduras": [15.2572432, -86.0755145, "Honduras"], "Zimbabwe": [-18.4554963, 29.7468414, "Zimbabwe"], "Rwanda": [-1.9646631, 30.0644358, "Rwanda"], "Argentina": [-34.9964963, -64.9672817, "Argentina"], "Germany": [51.1638175, 10.4478313, "Germany"], "Singapore": [1.357107, 103.8194992, "Singapore"], "Uzbekistan": [41.32373, 63.9528098, "Uzbekistan"], "Malaysia": [4.5693754, 102.2656823, "Malaysia"], "Canada": [61.0666922, -107.991707, "Canada"], "Indonesia": [-2.4833826, 117.8902853, "Indonesia"], "Jordan": [31.1667049, 36.941628, "Jordan"], "Saudi Arabia": [25.6242618, 42.3528328, "Saudi Arabia"], "Eritrea": [15.9500319, 37.9999668, "Eritrea"], "Japan": [36.5748441, 139.2394179, "Japan"], "Benin": [9.5293472, 2.2584408, "Benin"], "Belize": [17.1204943, -88.6859028, "Belize"], "Tunisia": [33.8439408, 9.400138, "Tunisia"], "Botswana": [-23.1681782, 24.5928742, "Botswana"], "Nepal": [28.3780464, 83.9999901, "Nepal"], "Belgium": [50.6402809, 4.6667145, "Belgium"], "New Zealand": [-41.5000831, 172.8344077, "New Zealand"], "Mozambique": [-19.302233, 34.9144977, "Mozambique"], "Kazakhstan": [48.1012954, 66.7780818, "Kazakhstan"], "Ukraine": [49.4871968, 31.2718321, "Ukraine"], "Italy": [42.6384261, 12.674297, "Italy"], "Liberia": [5.7499721, -9.3658524, "Liberia"], "Fiji": [-18.1239696, 179.0122737, "Fiji"], "Bulgaria": [42.6073975, 25.4856617, "Bulgaria"], "Kuwait": [29.2733964, 47.4979476, "Kuwait"], "East Timor": [-8.7443169, 126.063482, "East Timor"], "Cameroon": [4.6125522, 13.1535811, "Cameroon"], "Brazil": [-10.3333333, -53.2, "Brazil"], "Bahrain": [26.1551249, 50.5344606, "Bahrain"], "Guinea": [10.7226226, -10.7083587, "Guinea"], "Mongolia": [46.8250388, 103.8499736, "Mongolia"], "El Salvador": [13.8000382, -88.9140683, "El Salvador"], "Maldives": [3.7203503, 73.2244152, "Maldives"], "Sierra Leone": [8.6400349, -11.8400269, "Sierra Leone"], "Djibouti": [11.8145966, 42.8453061, "Djibouti"], "Denmark": [55.670249, 10.3333283, "Denmark"], "Trinidad and Tobago": [10.7466905, -61.0840075, "Trinidad and Tobago"], "Dominican Republic": [19.0974031, -70.3028026, "Dominican Republic"], "Greece": [38.9953683, 21.9877132, "Greece"], "South Africa": [-28.8166236, 24.991639, "South Africa"], "Brunei": [4.4137155, 114.5653908, "Brunei"], "Mauritania": [20.2540382, -9.2399263, "Mauritania"], "Switzerland": [46.7985624, 8.2319736, "Switzerland"], "Togo": [8.7800265, 1.0199765, "Togo"], "Haiti": [19.1399952, -72.3570972, "Haiti"], "Mauritius": [-20.2759451, 57.5703566, "Mauritius"], "Azerbaijan": [40.3936294, 47.7872508, "Azerbaijan"], "North Macedonia": [41.6171214, 21.7168387, "North Macedonia"], "Vietnam": [15.9266657, 107.9650855, "Vietnam"], "Lesotho": [-29.6039267, 28.3350193, "Lesotho"], "Yemen": [16.3471243, 47.8915271, "Yemen"], "Kyrgyzstan": [41.5089324, 74.724091, "Kyrgyzstan"], "Samoa": [-13.7693895, -172.12005, "Samoa"], "Cook Islands": [-19.9969716, -157.7858714, "Cook Islands"], "Niue": [-19.0536414, -169.861341, "Niue"], "Ethiopia": [10.2116702, 38.6521203, "Ethiopia"], "Uruguay": [-32.8755548, -56.0201525, "Uruguay"], "Pakistan": [30.3308401, 71.247499, "Pakistan"], "Guyana": [4.8417097, -58.6416891, "Guyana"], "Burundi": [-3.426449, 29.9324519, "Burundi"], "Somalia": [8.3676771, 49.083416, "Somalia"], "Iraq": [33.0955793, 44.1749775, "Iraq"], "Algeria": [28.0000272, 2.9999825, "Algeria"], "United Arab Emirates": [24.0002488, 53.9994829, "United Arab Emirates"], "Cape Verde": [16.0000552, -24.0083947, "Cape Verde"], "Russia": [64.6863136, 97.7453061, "Russia"], "Central African Republic": [7.0323598, 19.9981227, "Central African Republic"], "Mali": [16.3700359, -2.2900239, "Mali"], "Mexico": [23.6585116, -102.0077097, "Mexico"], "Eswatini": [-26.5624806, 31.3991317, "Eswatini"], "Czech Republic": [49.7439047, 15.3381061, "Czech Republic"], "Austria": [47.59397, 14.12456, "Austria"], "Albania": [41.000028, 19.9999619, "Albania"], "Myanmar": [17.1750495, 95.9999652, "Myanmar"], "Colombia": [4.099917, -72.9088133, "Colombia"], "Paraguay": [-23.3165935, -58.1693445, "Paraguay"], "Bolivia": [-17.0568696, -64.9912286, "Bolivia"], "Malawi": [-13.2687204, 33.9301963, "Malawi"], "Lebanon": [33.8750629, 35.843409, "Lebanon"], "Bosnia and Herzegovina": [44.3053476, 17.5961467, "Bosnia and Herzegovina"], "Thailand": [14.8971921, 100.83273, "Thailand"], "Burkina Faso": [12.0753083, -1.6880314, "Burkina Faso"], "Peru": [-6.8699697, -75.0458515, "Peru"], "Libya": [26.8234472, 18.1236723, "Libya"], "Netherlands": [52.2434979, 5.6343227, "Netherlands"], "Ecuador": [-1.3397668, -79.3666965, "Ecuador"], "Guatemala": [15.5855545, -90.345759, "Guatemala"], "Sweden": [59.6749712, 14.5208584, "Sweden"], "Vanuatu": [-16.5255069, 168.1069154, "Vanuatu"], "Syria": [34.6401861, 39.0494106, "Syria"], "Angola": [-11.8775768, 17.5691241, "Angola"], "S\u00e3o Tom\u00e9 and Pr\u00edncipe": [0.9713095, 7.02255, "S\u00e3o Tom\u00e9 and Pr\u00edncipe"], "Sri Lanka": [7.5554942, 80.7137847, "Sri Lanka"], "Cyprus": [34.9823018, 33.1451285, "Cyprus"], "Estonia": [58.7523778, 25.3319078, "Estonia"], "Finland": [63.2467777, 25.9209164, "Finland"], "Nicaragua": [12.6090157, -85.2936911, "Nicaragua"], "Romania": [45.9852129, 24.6859225, "Romania"], "Iran": [32.6475314, 54.5643516, "Iran"], "Georgia": [32.3293809, -83.1137366, "Georgia"], "Ireland": [52.865196, -7.9794599, "Ireland"], "Luxembourg": [49.8158683, 6.1296751, "Luxembourg"], "Monaco": [43.7323492, 7.4276832, "Monaco"], "Norway": [61.1529386, 8.7876653, "Norway"], "Bhutan": [27.549511, 90.5119273, "Bhutan"], "Taiwan": [23.9739374, 120.9820179, "Taiwan"], "Belarus": [53.4250605, 27.6971358, "Belarus"], "Sudan": [14.5844444, 29.4917691, "Sudan"], "Qatar": [25.3336984, 51.2295295, "Qatar"]}